gate_type,fixed_gamma,PF_mean,PF_std,PF_CV%,GAP_mean,GAP_std,GAP_CV%
global,-1.0,5.223171607488608,0.034500543468449954,0.6605286224750027,6.196957553521135,0.11455372940170747,1.8485479110086462
node,-1.0,5.225650546594791,0.0374896620979166,0.7174161717022222,6.205191203208882,0.12368743347004779,1.9932896411972847
feat,-1.0,5.235032502911712,0.039829180202082044,0.7608201129587859,6.245057441275778,0.10707253034928046,1.7145163412205067
