gate_type,fixed_gamma,PF_mean,PF_std,PF_CV%,GAP_mean,GAP_std,GAP_CV%
global,0.5,5.214732739358803,0.032185907995681086,0.6172110749368649,6.236413562649303,0.10338197910710009,1.6577152568307576
node,0.5,5.214732739358803,0.032185907995681086,0.6172110749368649,6.236413562649303,0.10338197910710009,1.6577152568307576
feat,0.5,5.214732739358803,0.032185907995681086,0.6172110749368649,6.236413562649303,0.10338197910710009,1.6577152568307576
